id,rgb
sand,#DACA8E
sandstone,#D5BF79
red_sand,#B5612D
yellow_terracotta,#BA8524
orange_terracotta,#B85C2A
terracotta,#9A664C
white_terracotta,#D2B2A1
light_gray_terracotta,#876B62
packed_mud,#8E6A4F
bone_block,#E5E0C3
calcite,#E0DCCC
quartz_block,#ECE5DC
end_stone,#DDD6A4
end_stone_bricks,#D8CFA3
smooth_sandstone,#D8C389
cut_sandstone,#D6BE79
chiseled_sandstone,#D7C081
smooth_red_sandstone,#B56539
cut_red_sandstone,#A65B32
chiseled_red_sandstone,#B36236
mud_bricks,#896B4E
dripstone_block,#8A6A59
oak_planks,#A88454
stripped_oak_wood,#B9824D
birch_planks,#C8B472
stripped_birch_log,#D7C07A
stripped_birch_wood,#CDB377
bamboo_planks,#C6A84C
mushroom_stem,#C7BDA7
brown_mushroom_block,#956F4C
yellow_concrete,#F0AF15
yellow_concrete_powder,#E8C736
yellow_wool,#F8C627
orange_concrete,#E06100
orange_concrete_powder,#E3831A
orange_wool,#F07613
white_wool,#E9ECEC
white_concrete,#CFD5D6
light_gray_concrete,#7D7D73
